<?xml version="1.0" encoding="UTF-8"?>
<?xml-model href="wood-RelaxNG-02.rnc" type="application/relax-ng-compact-syntax"?>
<root>
    <metaData>
        <title>Leaves</title>
        <author>Lloyd Schwartz</author>
        <date type="birth">1941</date>
        <copyright copyYear="1992">Copyright © 1992 by Lloyd Schwartz.</copyright>
        <location book="Gdnght_Gracie">From Goodnight, Gracie </location><publisher>The University
            of Chicago Press, 1992</publisher> Appears courtesy of the author. </metaData>

    <stanza s="1">
        <line n="1">Every October it becomes important, no, <italics>necessary</italics></line>
        <line n="4">to see the <imagery>leaves turning</imagery>, to be surrounded</line>
        <line n="3">by <imagery>leaves turning</imagery>; it's not just the symbolism,</line>
        <line n="4">to confront in the <concept conntn="negative">death of the year your
                death</concept>,</line>
        <!--conntn=connotation-->
        <!--topic seems to be about the transition into fall and the 'death of the year'-->
        <line n="5">one <imagery>blazing</imagery> farewell appearance, though the irony</line>
        <line n="6">isn't lost on you that nature is most
            seductive</line>
        <line n="7">when <concept conntn="negative">it's about to die</concept>, <imagery>flaunting
                the dazzle</imagery> of its</line>
        <line n="8">incipient exit, an ending that at least so far</line>
        <line n="9">the effects of human progress (pollution, acid rain)</line>
        <!--Author makes reference to the effects of pollution on the trees-->
        <line n="10">have not yet frightened you enough to make you believe</line>
        <line n="11">is real; that is, <concept conntn="negative">you know this ending is a
                deception</concept></line>
        <line n="12">because of course nature is always renewing itself—</line>
        <line n="13">
            <format type="indented">the trees don't <italics>die</italics>, they just
                pretend,</format>
        </line>
        <line n="14">
            <format type="indented">go out in style, and return in style: a new style.</format>
        </line>
    </stanza>

    <stanza s="2">
        <line n="15">Is it deliberate how far they make you go </line>
        <line n="16">especially if you live in the city to get far</line>
        <line n="17">enough away from home to see not just trees</line>
        <line n="18">but only trees? The boring highways, roadsigns, high</line>
        <line n="19">speeds, 10-axle trucks passing you as if they were</line>
        <line n="20">in an even greater hurry than you to look at leaves:</line>
        <!--Referencing human produced things and how they get in the way of nature-->
        <line n="21">so you <concept conntn="negative">drive in terror</concept> for literal hours
            and it looks</line>
        <line n="22">like rain, or <italics>snow</italics>, but it's probably just clouds</line>
        <line n="23">(too cloudy to see any color?) and you wonder,</line>
        <line n="24">given the poverty of your memory, which road had the</line>
        <line n="25">most color last year, but it doesn't matter since</line>
        <line n="26">you're probably too late anyway, or too early—</line>
        <line n="27">
            <format type="indented">whichever road you take <concept conntn="negative">will be the
                    wrong one</concept></format>
        </line>
        <line n="28">
            <format type="indented">and you've probably <concept conntn="negative">come all this way
                    for nothing.</concept></format>
        </line>
    </stanza>

    <stanza s="3">
        <line n="29">You'll be driving along <concept conntn="negative">depressed</concept> when
            suddenly</line>
        <line n="30">a <concept conntn="postive">cloud will move and the sun will muscle
                through</concept></line>
        <line n="31">and <imagery>ignite</imagery> the hills. It may not last. Probably</line>
        <line n="32">won't last. But for a moment the whole world</line>
        <line n="33">comes to. <concept conntn="positive">Wakes up. Proves it lives. It
                lives</concept>—</line>
        <line n="34">
            <italics>
                <imagery>red, yellow, orange, brown, russet, ocher, vermilion,</imagery>
            </italics>
        </line>
        <line n="35"><imagery><italics>gold</italics>. Flame and rust. Flame and rust</imagery>, the
            permutations</line>
        <line n="36">of <imagery>burning. You're on fire. Your eyes are on fire</imagery>.</line>
        <line n="37">It won't last, you don't want it to last. You</line>
        <line n="38">can't stand any more. But you don't want it to stop.</line>
        <line n="39">It's what you've come for. It's what you'll</line>
        <line n="40">come back for. It won't stay with you, but you'll</line>
        <line n="41">
            <format type="indented">remember that it felt like nothing else you've felt</format>
        </line>
        <line n="42">
            <format type="indented">or something you've felt that also didn't last.</format>
            <!--Author is directly adressing the audience in these last few lines-->
        </line>
    </stanza>

</root>
