<?xml version="1.0" encoding="UTF-8"?>
<?xml-model href="wood-RelaxNG-03.rnc" type="application/relax-ng-compact-syntax"?>
<xml>
    <metaData>
        <source URL="https://poets.org/poem/haunted-houses"></source>
        <title>Haunted Houses</title>
        <author who="hwLongfellow">Henry Wadsworth Longfellow</author>
        <lifespan birthYear="1807" deathYear="1882">1807–1882</lifespan>
    </metaData>
    <stanza n="1">
        <line n="1">All houses wherein men have lived and died</line>
        <line n="2">Are haunted houses. Through the open doors</line>
        <line n="3">The <ref type="ghost">harmless phantoms</ref> on their errands glide,</line>
        <line n="4">With feet that make no sound upon the floors.</line>
    </stanza>

    <stanza n="2">
        <line n="5">We meet them at the door-way, on the stair,</line>
        <line n="6">Along the passages they come and go,</line>
        <line n="7">Impalpable impressions on the air,</line>
        <line n="8">A sense of something moving to and fro.</line>
    </stanza>

    <stanza n="3">
        <line n="9">There are more <ref type="ghost">guests at table</ref> than the hosts</line>
        <line n="10">Invited; the illuminated hall</line>
        <line n="11">Is thronged with quiet, <ref type="ghost">inoffensive ghosts</ref>,</line>
        <line n="12">As silent as the pictures on the wall.</line>
    </stanza>

    <stanza n="4">
        <line n="13">The <ref type="ghost">stranger at my fireside</ref> cannot see</line>
        <line n="14">The forms I see, nor hear the sounds I hear;</line>
        <line n="15">He but perceives what is; while unto me</line>
        <line n="16">All that has been is visible and clear.</line>
    </stanza>

    <stanza n="5">
        <line n="17">We have no title-deeds to house or lands;</line>
        <line n="18"><ref type="ghost">Owners and occupants</ref> of earlier dates</line>
        <line n="19">From graves forgotten stretch their dusty hands,</line>
        <line n="20">And hold in mortmain still their old estates.</line>
    </stanza>

    <stanza n="6">
        <line n="21">The <ref type="ghost">spirit-world around this world</ref> of sense</line>
        <line n="22">Floats like an atmosphere, and everywhere</line>
        <line n="23">Wafts through these <imag>earthly mists and vapoursdense</imag></line>
        <line n="24">
            <format type="indented">A vital breath of more ethereal air.</format>
        </line>
    </stanza>

    <stanza n="7">
        <line n="25">Our little lives are kept in equipoise</line>
        <line n="26">By opposite attractions and desires;</line>
        <line n="27">The struggle of the instinct that enjoys,</line>
        <line n="28">And the more noble instinct that aspires.</line>
    </stanza>

    <stanza n="8">
        <line n="29">These perturbations, this perpetual jar</line>
        <line n="30">Of earthly wants and aspirations high,</line>
        <line n="31">Come from the influence of an unseen star</line>
        <line n="32">An undiscovered planet in our sky.</line>
    </stanza>

    <stanza n="9">
        <line n="33">And as the moon from some <imag>dark gate of cloud</imag></line>
        <line n="34">Throws o'er the sea a <imag>floating bridge of light</imag>,</line>
        <line n="35">Across whose trembling planks our fancies crowd</line>
        <line n="36">Into the realm of mystery and night,—</line>
    </stanza>

    <stanza n="10">
        <line n="37">So from the <ref type="ghost">world of spirits</ref> there descends</line>
        <line n="38">A bridge of light, connecting it with this,</line>
        <line n="39">O'er whose unsteady floor, that <imag>sways and bends</imag>,</line>
        <line n="40">Wander our thoughts above the dark abyss.</line>
    </stanza>
</xml>
